hotId,hotPriorId,hotLink
565434279,,https://www.zhihu.com/question/565434279
565548084,,https://www.zhihu.com/question/565548084
565566736,,https://www.zhihu.com/question/565566736
565609719,,https://www.zhihu.com/question/565609719
565563427,,https://www.zhihu.com/question/565563427
565591603,,https://www.zhihu.com/question/565591603
565401579,,https://www.zhihu.com/question/565401579
565546563,,https://www.zhihu.com/question/565546563
565175485,,https://www.zhihu.com/question/565175485
565554762,,https://www.zhihu.com/question/565554762
565157961,,https://www.zhihu.com/question/565157961
565595413,565588090,https://www.zhihu.com/question/565595413
565588090,565595413,https://www.zhihu.com/question/565588090
565595413,,https://www.zhihu.com/question/565595413
565168729,,https://www.zhihu.com/question/565168729
377119473,,https://www.zhihu.com/question/377119473
565169296,,https://www.zhihu.com/question/565169296
36978137,,https://www.zhihu.com/question/36978137
565177979,,https://www.zhihu.com/question/565177979
565612477,,https://www.zhihu.com/question/565612477
360030494,,https://www.zhihu.com/question/360030494
550405596,,https://www.zhihu.com/question/550405596
506203870,,https://www.zhihu.com/question/506203870
565596834,,https://www.zhihu.com/question/565596834
565392541,,https://www.zhihu.com/question/565392541
565574918,,https://www.zhihu.com/question/565574918
565149055,,https://www.zhihu.com/question/565149055
565399002,,https://www.zhihu.com/question/565399002
565585756,,https://www.zhihu.com/question/565585756
565352566,,https://www.zhihu.com/question/565352566
564840454,,https://www.zhihu.com/question/564840454
565553757,,https://www.zhihu.com/question/565553757
565433152,,https://www.zhihu.com/question/565433152
467056277,,https://www.zhihu.com/question/467056277
565617941,,https://www.zhihu.com/question/565617941
449801792,,https://www.zhihu.com/question/449801792
565174116,,https://www.zhihu.com/question/565174116
565625548,,https://www.zhihu.com/question/565625548
565551283,,https://www.zhihu.com/question/565551283
23800342,,https://www.zhihu.com/question/23800342
565562439,,https://www.zhihu.com/question/565562439
565562145,,https://www.zhihu.com/question/565562145
49372025,,https://www.zhihu.com/question/49372025
565608833,,https://www.zhihu.com/question/565608833
565544696,,https://www.zhihu.com/question/565544696
565556906,,https://www.zhihu.com/question/565556906
460145509,,https://www.zhihu.com/question/460145509
565564651,,https://www.zhihu.com/question/565564651
565036484,,https://www.zhihu.com/question/565036484
565431110,,https://www.zhihu.com/question/565431110
565554268,,https://www.zhihu.com/question/565554268
565601534,,https://www.zhihu.com/question/565601534
564475692,,https://www.zhihu.com/question/564475692
564443489,,https://www.zhihu.com/question/564443489
564591262,,https://www.zhihu.com/question/564591262
10152,,https://www.zhihu.com/theater/10152
564642737,,https://www.zhihu.com/question/564642737
564024089,,https://www.zhihu.com/question/564024089
564399311,,https://www.zhihu.com/question/564399311
564605675,,https://www.zhihu.com/question/564605675
66550652,,https://www.zhihu.com/question/66550652
559036956,,https://www.zhihu.com/question/559036956
564251445,,https://www.zhihu.com/question/564251445
564597735,,https://www.zhihu.com/question/564597735
564646107,,https://www.zhihu.com/question/564646107
353478024,,https://www.zhihu.com/question/353478024
564399945,,https://www.zhihu.com/question/564399945
564415876,,https://www.zhihu.com/question/564415876
563107177,,https://www.zhihu.com/question/563107177
564627608,,https://www.zhihu.com/question/564627608
563992682,,https://www.zhihu.com/question/563992682
359151542,,https://www.zhihu.com/question/359151542
564445489,,https://www.zhihu.com/question/564445489
548919899,,https://www.zhihu.com/question/548919899
564381956,,https://www.zhihu.com/question/564381956
451339370,,https://www.zhihu.com/question/451339370
564452132,,https://www.zhihu.com/question/564452132
564439693,,https://www.zhihu.com/question/564439693
563796789,,https://www.zhihu.com/question/563796789
562163873,,https://www.zhihu.com/question/562163873
564392296,,https://www.zhihu.com/question/564392296
564594333,,https://www.zhihu.com/question/564594333
514472554,,https://www.zhihu.com/question/514472554
562905064,,https://www.zhihu.com/question/562905064
563411184,,https://www.zhihu.com/question/563411184
564408360,,https://www.zhihu.com/question/564408360
564392974,,https://www.zhihu.com/question/564392974
564561792,,https://www.zhihu.com/question/564561792
564343059,,https://www.zhihu.com/question/564343059
562037084,,https://www.zhihu.com/question/562037084
564610144,,https://www.zhihu.com/question/564610144
564584760,,https://www.zhihu.com/question/564584760
564583731,,https://www.zhihu.com/question/564583731
564595236,,https://www.zhihu.com/question/564595236
562343081,,https://www.zhihu.com/question/562343081
564369823,,https://www.zhihu.com/question/564369823
564627642,,https://www.zhihu.com/question/564627642
564430095,,https://www.zhihu.com/question/564430095
564584685,,https://www.zhihu.com/question/564584685
555936214,,https://www.zhihu.com/question/555936214
465456989,,https://www.zhihu.com/question/465456989
564665889,,https://www.zhihu.com/question/564665889
564243735,,https://www.zhihu.com/question/564243735
19742967,,https://www.zhihu.com/question/19742967
564006096,,https://www.zhihu.com/question/564006096
343476542,,https://www.zhihu.com/question/343476542
564665363,,https://www.zhihu.com/question/564665363
531704430,,https://www.zhihu.com/question/531704430
564629455,,https://www.zhihu.com/question/564629455
564776780,,https://www.zhihu.com/question/564776780
564625897,,https://www.zhihu.com/question/564625897
21270568,,https://www.zhihu.com/question/21270568
551060476,,https://www.zhihu.com/question/551060476
433957145,,https://www.zhihu.com/question/433957145
559118409,,https://www.zhihu.com/question/559118409
552337903,,https://www.zhihu.com/question/552337903
277466825,,https://www.zhihu.com/question/277466825
564060550,,https://www.zhihu.com/question/564060550
531148965,,https://www.zhihu.com/question/531148965
564336957,,https://www.zhihu.com/question/564336957
564627499,,https://www.zhihu.com/question/564627499
564560768,,https://www.zhihu.com/question/564560768
563281963,,https://www.zhihu.com/question/563281963
322347593,,https://www.zhihu.com/question/322347593
564778646,,https://www.zhihu.com/question/564778646
564785366,,https://www.zhihu.com/question/564785366
564590906,,https://www.zhihu.com/question/564590906
564577037,,https://www.zhihu.com/question/564577037
564799818,,https://www.zhihu.com/question/564799818
564619685,,https://www.zhihu.com/question/564619685
564377395,,https://www.zhihu.com/question/564377395
564647751,,https://www.zhihu.com/question/564647751
564780092,,https://www.zhihu.com/question/564780092
564577614,,https://www.zhihu.com/question/564577614
564600289,,https://www.zhihu.com/question/564600289
564782933,,https://www.zhihu.com/question/564782933
564783992,,https://www.zhihu.com/question/564783992
564780104,,https://www.zhihu.com/question/564780104
561742488,,https://www.zhihu.com/question/561742488
564441374,,https://www.zhihu.com/question/564441374
563796478,,https://www.zhihu.com/question/563796478
564633474,,https://www.zhihu.com/question/564633474
388004287,,https://www.zhihu.com/question/388004287
516754601,,https://www.zhihu.com/question/516754601
564801279,,https://www.zhihu.com/question/564801279
564624201,,https://www.zhihu.com/question/564624201
564425586,,https://www.zhihu.com/question/564425586
564404705,,https://www.zhihu.com/question/564404705
564792986,,https://www.zhihu.com/question/564792986
374412997,,https://www.zhihu.com/question/374412997
564778562,,https://www.zhihu.com/question/564778562
564788610,,https://www.zhihu.com/question/564788610
564651545,,https://www.zhihu.com/question/564651545
36189776,,https://www.zhihu.com/question/36189776
559041698,,https://www.zhihu.com/question/559041698
561290653,,https://www.zhihu.com/question/561290653
564816957,,https://www.zhihu.com/question/564816957
561963424,,https://www.zhihu.com/question/561963424
564823771,,https://www.zhihu.com/question/564823771
37205624,,https://www.zhihu.com/question/37205624
564828418,,https://www.zhihu.com/question/564828418
563481290,,https://www.zhihu.com/question/563481290
564828408,,https://www.zhihu.com/question/564828408
564667789,,https://www.zhihu.com/question/564667789
564430697,,https://www.zhihu.com/question/564430697
564795252,,https://www.zhihu.com/question/564795252
51280716,,https://www.zhihu.com/question/51280716
564959209,,https://www.zhihu.com/question/564959209
564405578,,https://www.zhihu.com/question/564405578
564801848,,https://www.zhihu.com/question/564801848
563929700,,https://www.zhihu.com/question/563929700
35378591,,https://www.zhihu.com/question/35378591
321386692,,https://www.zhihu.com/question/321386692
426768952,,https://www.zhihu.com/question/426768952
355185400,,https://www.zhihu.com/question/355185400
271548602,,https://www.zhihu.com/question/271548602
558032612,,https://www.zhihu.com/question/558032612
564063732,,https://www.zhihu.com/question/564063732
358081141,,https://www.zhihu.com/question/358081141
354112974,,https://www.zhihu.com/question/354112974
382507498,,https://www.zhihu.com/question/382507498
563752745,,https://www.zhihu.com/question/563752745
554025257,,https://www.zhihu.com/question/554025257
557600391,,https://www.zhihu.com/question/557600391
564840149,,https://www.zhihu.com/question/564840149
563949692,,https://www.zhihu.com/question/563949692
564841708,,https://www.zhihu.com/question/564841708
548691349,,https://www.zhihu.com/question/548691349
294012988,,https://www.zhihu.com/question/294012988
564960233,,https://www.zhihu.com/question/564960233
564373696,,https://www.zhihu.com/question/564373696
564840833,,https://www.zhihu.com/question/564840833
564961864,,https://www.zhihu.com/question/564961864
564814986,,https://www.zhihu.com/question/564814986
476789663,,https://www.zhihu.com/question/476789663
564961423,,https://www.zhihu.com/question/564961423
564784487,,https://www.zhihu.com/question/564784487
564959113,,https://www.zhihu.com/question/564959113
557602214,,https://www.zhihu.com/question/557602214
552026146,,https://www.zhihu.com/question/552026146
33274530,,https://www.zhihu.com/question/33274530
564780098,,https://www.zhihu.com/question/564780098
396456056,,https://www.zhihu.com/question/396456056
519487303,,https://www.zhihu.com/question/519487303
564961636,,https://www.zhihu.com/question/564961636
564987901,,https://www.zhihu.com/question/564987901
564988657,,https://www.zhihu.com/question/564988657
564835787,,https://www.zhihu.com/question/564835787
564987154,,https://www.zhihu.com/question/564987154
564964442,,https://www.zhihu.com/question/564964442
12293,,https://www.zhihu.com/theater/12293
564980837,,https://www.zhihu.com/question/564980837
554394209,,https://www.zhihu.com/question/554394209
565005990,,https://www.zhihu.com/question/565005990
563388605,,https://www.zhihu.com/question/563388605
564800426,,https://www.zhihu.com/question/564800426
564621659,,https://www.zhihu.com/question/564621659
564986255,,https://www.zhihu.com/question/564986255
368510262,,https://www.zhihu.com/question/368510262
547395188,,https://www.zhihu.com/question/547395188
564988211,,https://www.zhihu.com/question/564988211
533933049,,https://www.zhihu.com/question/533933049
559537950,,https://www.zhihu.com/question/559537950
519563663,,https://www.zhihu.com/question/519563663
564652325,,https://www.zhihu.com/question/564652325
564195327,,https://www.zhihu.com/question/564195327
563524792,,https://www.zhihu.com/question/563524792
562148746,,https://www.zhihu.com/question/562148746
564959222,,https://www.zhihu.com/question/564959222
564975966,,https://www.zhihu.com/question/564975966
564154135,,https://www.zhihu.com/question/564154135
564233516,,https://www.zhihu.com/question/564233516
25112140,,https://www.zhihu.com/question/25112140
315327972,,https://www.zhihu.com/question/315327972
564989516,,https://www.zhihu.com/question/564989516
36890333,,https://www.zhihu.com/question/36890333
324993596,,https://www.zhihu.com/question/324993596
424633596,,https://www.zhihu.com/question/424633596
564958332,,https://www.zhihu.com/question/564958332
564991328,,https://www.zhihu.com/question/564991328
565020488,,https://www.zhihu.com/question/565020488
564812328,,https://www.zhihu.com/question/564812328
564557532,,https://www.zhihu.com/question/564557532
565030401,,https://www.zhihu.com/question/565030401
564992377,,https://www.zhihu.com/question/564992377
563356777,,https://www.zhihu.com/question/563356777
562207001,,https://www.zhihu.com/question/562207001
565039829,,https://www.zhihu.com/question/565039829
564861778,,https://www.zhihu.com/question/564861778
565030989,,https://www.zhihu.com/question/565030989
24656156,,https://www.zhihu.com/question/24656156
563591618,,https://www.zhihu.com/question/563591618
558529808,,https://www.zhihu.com/question/558529808
450448386,,https://www.zhihu.com/question/450448386
565001358,,https://www.zhihu.com/question/565001358
565000386,,https://www.zhihu.com/question/565000386
564447456,,https://www.zhihu.com/question/564447456
564810242,,https://www.zhihu.com/question/564810242
553080112,,https://www2.zhihu.com/question/553080112
564988164,,https://www.zhihu.com/question/564988164
421820079,,https://www.zhihu.com/question/421820079
565150529,,https://www.zhihu.com/question/565150529
564988149,,https://www.zhihu.com/question/564988149
564656747,,https://www.zhihu.com/question/564656747
564808471,,https://www.zhihu.com/question/564808471
565040386,,https://www.zhihu.com/question/565040386
564989746,,https://www.zhihu.com/question/564989746
arknights202211,,https://www.zhihu.com/roundtable/arknights202211
564407110,,https://www.zhihu.com/question/564407110
564989050,,https://www.zhihu.com/question/564989050
564597672,,https://www.zhihu.com/question/564597672
556972360,,https://www.zhihu.com/question/556972360
29280604,,https://www.zhihu.com/question/29280604
564597692,,https://www.zhihu.com/question/564597692
565031173,,https://www.zhihu.com/question/565031173
565138052,,https://www.zhihu.com/question/565138052
565118999,,https://www.zhihu.com/question/565118999
565022508,,https://www.zhihu.com/question/565022508
275772980,,https://www.zhihu.com/question/275772980
565151274,,https://www.zhihu.com/question/565151274
565155851,,https://www.zhihu.com/question/565155851
555507814,,https://www.zhihu.com/question/555507814
21149770,,https://www.zhihu.com/question/21149770
565159220,,https://www.zhihu.com/question/565159220
352509340,,https://www.zhihu.com/question/352509340
562352252,,https://www.zhihu.com/question/562352252
565142870,,https://www.zhihu.com/question/565142870
564137696,,https://www.zhihu.com/question/564137696
564426640,,https://www.zhihu.com/question/564426640
564037375,,https://www.zhihu.com/question/564037375
60864080,,https://www.zhihu.com/question/60864080
546687393,,https://www.zhihu.com/question/546687393
26059012,,https://www.zhihu.com/question/26059012
564859643,,https://www.zhihu.com/question/564859643
504614939,,https://www.zhihu.com/question/504614939
565147713,,https://www.zhihu.com/question/565147713
562542360,,https://www.zhihu.com/question/562542360
278294552,,https://www.zhihu.com/question/278294552
565157770,,https://www.zhihu.com/question/565157770
565161509,,https://www.zhihu.com/question/565161509
563916905,,https://www.zhihu.com/question/563916905
565196923,,https://www.zhihu.com/question/565196923
565155153,,https://www.zhihu.com/question/565155153
565160463,,https://www.zhihu.com/question/565160463
491184956,,https://www.zhihu.com/question/491184956
297222933,,https://www.zhihu.com/question/297222933
554917138,,https://www.zhihu.com/question/554917138
564638558,,https://www.zhihu.com/question/564638558
565150806,,https://www.zhihu.com/question/565150806
561503582,,https://www.zhihu.com/question/561503582
565044847,,https://www.zhihu.com/question/565044847
520951854,,https://www.zhihu.com/question/520951854
498987131,,https://www.zhihu.com/question/498987131
564516604,,https://www.zhihu.com/question/564516604
564217326,,https://www.zhihu.com/question/564217326
562363398,,https://www.zhihu.com/question/562363398
561994320,,https://www.zhihu.com/question/561994320
565192336,,https://www.zhihu.com/question/565192336
363335484,,https://www.zhihu.com/question/363335484
564065061,,https://www.zhihu.com/question/564065061
560260267,,https://www.zhihu.com/question/560260267
558883639,,https://www.zhihu.com/question/558883639
554964817,,https://www.zhihu.com/question/554964817
559765823,,https://www.zhihu.com/question/559765823
491957325,,https://www.zhihu.com/question/491957325
564808399,,https://www.zhihu.com/question/564808399
565202026,,https://www.zhihu.com/question/565202026
558010008,,https://www.zhihu.com/question/558010008
558655354,,https://www.zhihu.com/question/558655354
457175912,,https://www.zhihu.com/question/457175912
565070280,,https://www.zhihu.com/question/565070280
565221840,,https://www.zhihu.com/question/565221840
557637029,,https://www.zhihu.com/question/557637029
565157252,,https://www.zhihu.com/question/565157252
564830049,,https://www.zhihu.com/question/564830049
564217193,,https://www.zhihu.com/question/564217193
564689073,,https://www.zhihu.com/question/564689073
565234868,,https://www.zhihu.com/question/565234868
564852416,,https://www.zhihu.com/question/564852416
565340879,,https://www.zhihu.com/question/565340879
565204289,,https://www.zhihu.com/question/565204289
565003255,,https://www.zhihu.com/question/565003255
53345403,,https://www.zhihu.com/question/53345403
36460531,,https://www.zhihu.com/question/36460531
21912411,,https://www.zhihu.com/question/21912411
563113343,,https://www.zhihu.com/question/563113343
517770104,,https://www.zhihu.com/question/517770104
541980904,,https://www.zhihu.com/question/541980904
564824506,,https://www.zhihu.com/question/564824506
563924683,,https://www.zhihu.com/question/563924683
564204507,,https://www.zhihu.com/question/564204507
525203233,,https://www.zhihu.com/question/525203233
562850854,,https://www.zhihu.com/question/562850854
565031303,,https://www.zhihu.com/question/565031303
561799052,,https://www.zhihu.com/question/561799052
564978463,,https://www.zhihu.com/question/564978463
565026409,,https://www.zhihu.com/question/565026409
52326827,,https://www.zhihu.com/question/52326827
565165374,,https://www.zhihu.com/question/565165374
564653493,,https://www.zhihu.com/question/564653493
559008018,,https://www.zhihu.com/question/559008018
565186270,,https://www.zhihu.com/question/565186270
564840070,,https://www.zhihu.com/question/564840070
565355891,,https://www.zhihu.com/question/565355891
565341482,,https://www.zhihu.com/question/565341482
554766432,,https://www.zhihu.com/question/554766432
488604417,,https://www.zhihu.com/question/488604417
545976978,,https://www.zhihu.com/question/545976978
564566255,,https://www.zhihu.com/question/564566255
516438356,,https://www.zhihu.com/question/516438356
565202108,,https://www.zhihu.com/question/565202108
412289682,,https://www.zhihu.com/question/412289682
564913859,,https://www.zhihu.com/question/564913859
564329520,,https://www.zhihu.com/question/564329520
565229141,,https://www.zhihu.com/question/565229141
456810195,,https://www.zhihu.com/question/456810195
565356916,,https://www.zhihu.com/question/565356916
565364170,,https://www.zhihu.com/question/565364170
565386684,,https://www.zhihu.com/question/565386684
538545757,,https://www.zhihu.com/question/538545757
564810023,,https://www.zhihu.com/question/564810023
565162163,,https://www.zhihu.com/question/565162163
537980991,,https://www.zhihu.com/question/537980991
565198211,,https://www.zhihu.com/question/565198211
565008909,,https://www.zhihu.com/question/565008909
565156556,,https://www.zhihu.com/question/565156556
565168567,,https://www.zhihu.com/question/565168567
563771840,,https://www.zhihu.com/question/563771840
565036387,,https://www.zhihu.com/question/565036387
527763115,,https://www.zhihu.com/question/527763115
56935995,,https://www.zhihu.com/question/56935995
531562897,,https://www.zhihu.com/question/531562897
549067941,,https://www.zhihu.com/question/549067941
534631603,,https://www.zhihu.com/question/534631603
267430528,,https://www.zhihu.com/question/267430528
359740428,,https://www.zhihu.com/question/359740428
491462920,,https://www.zhihu.com/question/491462920
401749957,,https://www.zhihu.com/question/401749957
59332686,,https://www.zhihu.com/question/59332686
564992770,,https://www.zhihu.com/question/564992770
538182545,,https://www.zhihu.com/question/538182545
37961343,,https://www.zhihu.com/question/37961343
385296421,,https://www.zhihu.com/question/385296421
565388212,,https://www.zhihu.com/question/565388212
565341169,,https://www.zhihu.com/question/565341169
565411555,,https://www.zhihu.com/question/565411555
565343741,,https://www.zhihu.com/question/565343741
565369040,,https://www.zhihu.com/question/565369040
563693752,,https://www.zhihu.com/question/563693752
565382145,,https://www.zhihu.com/question/565382145
565366893,,https://www.zhihu.com/question/565366893
423544634,,https://www.zhihu.com/question/423544634
564184144,,https://www.zhihu.com/question/564184144
565234814,,https://www.zhihu.com/question/565234814
565394523,,https://www.zhihu.com/question/565394523
564499710,,https://www.zhihu.com/question/564499710
366797720,,https://www.zhihu.com/question/366797720
564444527,,https://www.zhihu.com/question/564444527
565344464,,https://www.zhihu.com/question/565344464
562795418,,https://www.zhihu.com/question/562795418
564437008,,https://www.zhihu.com/question/564437008
559062100,,https://www.zhihu.com/question/559062100
565210393,,https://www.zhihu.com/question/565210393
565399244,,https://www.zhihu.com/question/565399244
564967615,,https://www.zhihu.com/question/564967615
